{
  "colors" : [
    {
      "color" : {
        "color-space" : "srgb",
        "components" : {
          "alpha" : "0.310",
          "blue" : "0x13",
          "green" : "0x5E",
          "red" : "0xA9"
        }
      },
      "idiom" : "universal"
    },
    {
      "appearances" : [
        {
          "appearance" : "luminosity",
          "value" : "dark"
        }
      ],
      "color" : {
        "color-space" : "srgb",
        "components" : {
          "alpha" : "1.000",
          "blue" : "0x0C",
          "green" : "0x3C",
          "red" : "0x6C"
        }
      },
      "idiom" : "universal"
    }
  ],
  "info" : {
    "author" : "xcode",
    "version" : 1
  },
  "properties" : {
    "localizable" : true
  }
}
